name,city,services,rating,reviews,site_status,site_notes,website,instagram,facebook,email,phone,place_id,status,preview_url,contacted,followup_due,notes
Mobile Auto Mechanic “Start-S” LLC,Largo,"mobile auto mechanic, repairs",4.9,278,none,Facebook page only (Mobile.Car.Repair.TampaBayArea); chamber listing blocked; no site found,,,https://www.facebook.com/Mobile.Car.Repair.TampaBayArea/,,+1 727-339-9328,ChIJtWVEJ_zSoSERt42dgu68Res,contacted,https://shopfrontsites.org/preview/starts,2026-10-07 text,2026-10-14,nudge sent 2026-10-08
Horizon Mobile Detailing LLC,Clearwater,mobile auto detailing,5.0,228,none,No website found; BBB lists Facebook page as website; Instagram active,,https://www.instagram.com/horizonmobiledetailing/,https://www.facebook.com/horizonmobiledetailingllc/,,+1 813-580-1299,ChIJL0Sj8FbzwogRMPGkdLMWlH4,contacted,https://shopfrontsites.org/preview/horizon,2026-10-07 text,2026-10-14,nudge sent 2026-10-08
Tailored Tint,Largo,automotive window tinting,4.9,171,none,No website; directories point to Facebook page only,,,https://www.facebook.com/TailoredTint/,,+1 727-210-5346,ChIJh0eh9Xf6wogRNB_XLbeRPMA,contacted,https://shopfrontsites.org/preview/tailoredtint,2026-10-07 text,2026-10-14,nudge sent 2026-10-08
Alley Auto Tint,Largo,automotive window tinting,4.7,129,none,No website found; Yelp/Nextdoor/Birdeye listings and Instagram only,,https://www.instagram.com/alleyautotint,,,+1 727-596-8160,ChIJ2e-SQS76wogR0KUx1W39HLI,contacted,https://shopfrontsites.org/preview/alleyautotint,2026-10-07 text,2026-10-14,nudge sent 2026-10-08
RL auto repair mobile mechanic,Pinellas Park,"mobile mechanic, auto repair",5.0,17,none,No website or social found in search; results ambiguous (only aggregator listings),,,,,+1 727-922-4848,ChIJ9VRVSxl_vEIRqugRh5jPRgc,new,,,,
Pinellas Park Mobile Auto Mechanic,Pinellas Park,mobile auto mechanic,5.0,1,none,"Nothing found beyond generic aggregators; 1 review, likely very new/tiny; ambiguous",,,,,+1 727-435-7876,ChIJs_g6cQDlwogRcubpoyWtB9Y,new,,,,
L&K Auto Repair - Mobile Mechanic Services,Pinellas Park,"mobile mechanic, engine, brakes, AC, electrical",4.9,244,weak,"GoDaddy Website Builder site, moderate content, quote form but no pricing or email",https://lkmobilemechanic.com,https://www.instagram.com/Lkmobilemechanic/,https://www.facebook.com/lkautorepairalwaysfair/,,+1 727-333-1867,ChIJH5i1nJ7jwogRZ5w1BmvIRAs,contacted,https://shopfrontsites.org/preview/lkmobile,2026-10-07 text,2026-10-14,nudge sent 2026-10-08
Supreme Auto Restyling,Largo,"custom wraps, printed graphics, chrome delete",5.0,239,weak,Site exists but served only meta tags to fetcher (JS-heavy builder); no visible pricing/quote/email; quality ambiguous,https://supremerestyling.com,https://www.instagram.com/_supremeauto/,https://www.facebook.com/supremeautorestyling/,,+1 727-314-2635,ChIJAe2cDeP7wogRn__4a5-ESzg,new,,,,
Window-Kote of St Petersburg,St. Petersburg,"auto, residential, commercial tint, graphics",4.7,185,weak,"Old WordPress/Visual Composer site, copyright 2015, no quote form, verizon email",https://window-kote.com,,Facebook linked from site (URL not captured),windowkote@verizon.net,+1 727-522-5722,ChIJJ1NMEeTjwogR_Bp06gG-G68,contacted,https://shopfrontsites.org/preview/windowkote-stpete,2026-10-07 text (email body),2026-10-14,nudge sent 2026-10-08
Affordable Signs and Wraps LLC,Pinellas Park,"vehicle wraps, signs, printing, lettering",4.8,171,weak,"Live but dated older-builder site; no pricing, no quote form; yahoo email",https://affordablesignsandwraps.com,,https://www.facebook.com/AffordableSignsandWraps/,affordablesignsandwraps@yahoo.com,+1 727-498-8900,ChIJCRTkcXDkwogRU_iwEzAlTFI,new,,,,
Handy Dandy David Mobile Mechanic,St. Petersburg,"mobile mechanic, brakes, oil, AC, repairs",4.9,138,weak,"WordPress site last updated Aug 2023, no quote form, no socials, no email, generic Slider Revolution template",https://mobilemechanic-fl.com,,,,+1 727-686-1133,ChIJiQEyspb9wogRJY4HC-pfOUw,new,,,,
